<?xml version="1.0" encoding="UTF-8"?>
<beans xmlns="http://www.springframework.org/schema/beans"
	xmlns:xsi="http://www.w3.org/2001/XMLSchema-instance"
	xmlns:context="http://www.springframework.org/schema/context"
	xmlns:aop="http://www.springframework.org/schema/aop"
	xmlns:tx="http://www.springframework.org/schema/tx"
	xsi:schemaLocation="http://www.springframework.org/schema/beans 
	http://www.springframework.org/schema/beans/spring-beans.xsd
	http://www.springframework.org/schema/context
	http://www.springframework.org/schema/context/spring-context.xsd
	http://www.springframework.org/schema/aop
	http://www.springframework.org/schema/aop/spring-aop.xsd
	http://www.springframework.org/schema/tx
	http://www.springframework.org/schema/tx/spring-tx.xsd">
	
	<!-- 配置数据库信息 -->
	<bean name="dataSource" class="com.mchange.v2.c3p0.ComboPooledDataSource">
		<property name="driverClass" value="com.mysql.jdbc.Driver"></property>
		<property name="jdbcUrl" value="jdbc:mysql:///spring_day04"></property>
		<property name="user" value="root"></property>
		<property name="password" value="root"></property>
	</bean>
	<!-- 配置事务 -->
	<bean name="transactionManager" class="org.springframework.orm.hibernate5.HibernateTransactionManager">
		<!-- 指定为那个数据库加入事务 -->
		<property name="sessionFactory" ref="sessionFactory"></property>
	</bean>
	<!-- 开启事务注解 -->
	<tx:annotation-driven transaction-manager="transactionManager"/>
	<!-- 配置sessionFactory -->
	<bean name="sessionFactory" class="org.springframework.orm.hibernate5.LocalSessionFactoryBean">
		<!-- 指定数据库信息 -->
		<property name="dataSource" ref="dataSource"></property>
		<!-- 指定核心文件所在位置 -->
		<property name="configLocations" value="classpath:hibernate.cfg.xml"></property>
	</bean>
	<!-- struts2和spring整合 -->
	<bean name="userAction" class="my.spring.action.UserAction" scope="prototype">
		<property name="userService" ref="userService"></property>
	</bean>
	<bean name="userService" class="my.spring.service.UserService">
		<property name="userDao" ref="userDao"></property>
	</bean>
	<bean name="userDao" class="my.spring.dao.UserDao">
		<property name="hibernateTemplate" ref="hibernateTemplate"></property>
	</bean>
	<bean name="hibernateTemplate" class="org.springframework.orm.hibernate5.HibernateTemplate">
		<property name="sessionFactory" ref="sessionFactory"></property>
	</bean>
</beans>	