<?xml version="1.0" encoding="UTF-8"?>
<!DOCTYPE hibernate-configuration PUBLIC
	"-//Hibernate/Hibernate Configuration DTD 3.0//EN"
	"http://www.hibernate.org/dtd/hibernate-configuration-3.0.dtd">
<hibernate-configuration>
<session-factory>
	
	<!-- 配置数据库方言 -->
	<property name="hibernate.dialect">org.hibernate.dialect.MySQLDialect</property>
	<!-- 配置显示SQL -->
	<property name="hibernate.show_sql">true</property>
	<!-- 配置格式化SQL-->
	<property name="hibernate.format_sql">true</property>
	<!-- 配置hbm2ddl -->
	<property name="hibernate.hbm2ddl.auto">update</property>
	
	<!-- 加载映射文件 -->
	<mapping resource="my/spring/entity/user.hbm.xml"/>
	
	
</session-factory>	
</hibernate-configuration>	